benchmark,method,map50_95
globalwheat,standard,0.372817
globalwheat,random_continuous,0.375496
globalwheat,direct_continuous_rl,0.386348
globalwheat,heuristic_density,0.364515
globalwheat,heuristic_confidence,0.389588
globalwheat,heuristic_combined,0.394221
globalwheat,residual_heuristic_rl,0.397244
globalwheat,naive_extended_residual_rl,0.376177
globalwheat,curriculum_extended_residual_rl,0.393841
coco_yolov8n,standard,0.336613
coco_yolov8n,random_continuous,0.353227
coco_yolov8n,direct_continuous_rl,0.358682
coco_yolov8n,heuristic_confidence,0.387960
fasterrcnn_mobilenet,standard,0.404445
fasterrcnn_mobilenet,direct_continuous_rl,0.408518
fasterrcnn_mobilenet,heuristic_confidence,0.415440
ssdlite320,standard,0.271370
ssdlite320,direct_continuous_rl,0.292864
ssdlite320,heuristic_confidence,0.304818
